Valley,Plains,Hill,Mountain,City,Strange,
Cavern,Farm,Cave,Monastery,Catacombs,Corridor,
Outpost,Ruins,Crevice,Rock Pool,Market,Battlefield,
Dungeon,Lake,Cliff,Forest,Castle,Portal,
Lair,Mesa,Waterfall,Fortress,District,Obelisk,
Oasis,Woods,Peak,Peak,Temple,Storm,
Tower,Windmill,Outcrop,Volcano,Arena,Machine,
Hideout,Well,Forest,Ridge,Slums,Colossus,
Encampment,Underpass,Stream,Gate,Laboratory,Totem,
Pit,Graveyard,Tavern,Worm,Prison,Mouth,
Cairn,Town,Bridge,Church,Casino,Ziggurat,
Mines,Tree,Parish,Chasm,Museum,Altar,
Statue,Canyon,Swamp,Hut,Chamber,Abyss,
Crater,River,Nest,Chapel,School,Hallows,
,,,,Courtyard,Cube,
,,,,Halls,Pyramid,
,,,,Citadel,,
,,,,Garden,,
,,,,Hospice,,
,,,,Orchard,,
,,,,Asylum,,
